ddEMUT,WT,STR,ELE,OFF-OFF
P219A,-0.173192484062106,0.054009699599938,-0.227202183662044,-0.344514991247586
P219C,-0.563503082004083,0.058057132650419,-0.621560214654501,-0.485792367506164
P219D,-0.942518518045915,0.160912132892491,-1.10343065093841,-0.362537049684938
P219E,-1.20481728002573,0.321403834706814,-1.52622111473254,-0.780439218414948
P219F,-1.0291147600413,0.158690750982451,-1.18780551102375,-0.731976698352447
P219G,-0.186370173028834,0.024767780188157,-0.211137953216991,-0.467613431765699
P219H,-1.44640824498649,-0.079003383135955,-1.36740486185053,-1.42831088548074
P219I,-0.583583370024726,0.44419479578503,-1.02777816580976,-0.343586277904215
P219K,-1.11947605602717,0.148048198389297,-1.26752425441647,-0.473104135519677
P219L,-0.857804803045774,-0.15291766823983,-0.704887134805944,-0.403488287051381
P219M,-1.19352211805425,0.193649277353387,-1.38717139540763,-1.11901169935551
P219N,-1.43260304702134,0.097916504346777,-1.53051955136812,-0.421227966428745
P219Q,-1.06676530008892,0.151926203946715,-1.21869150403563,-1.88109000448965
P219R,1.05735266497,-0.764858169926498,1.8222108348965,7.78637640052173
P219S,-1.28764846803062,-0.007561483455873,-1.28008698457474,-0.301756528025628
P219T,-0.505772254007162,-0.112838668361917,-0.392933585645245,-0.032141011008719
P219V,-1.32780904400056,-0.067193663732979,-1.26061538026758,-0.411376075160753
P219W,-0.868472456090181,0.030609888975533,-0.899082345065715,-0.789512998690412
P219Y,-0.803839029039345,0.171416633538811,-0.975255662578157,-0.848530220016372
